loại nhà đất,địa chỉ,type_district_mean_area
,,143.0442
,,301.595
,,84.53320833333333
,,172.649375
,,137.15212121212122
,,237.37168674698793
,,194.8009375
,,77.98714285714286
,,152.07480645161291
,,122.11079234972678
,,49.07333333333333
,,211.30066037735847
,,313.82163636363634
,,78.03717213114754
,,133.0753846153846
,,87.2074025974026
,,115.78891191709846
,,123.80089552238806
,,348.38963414634145
,,147.28546558704454
,,243.85433333333333
,,218.80712230215826
,,53.7532
,,99.815
,,46.7259756097561
,,50.245294117647056
,,183.12928057553958
,,158.77934210526314
,,106.03340136054422
,,120.98181818181818
,,102.5155871886121
,,121.42597014925373
,,180.97815789473685
,,96.98229813664597
,,338.6744927536232
,,154.89000000000001
,,123.83487804878048
,,69.21434210526316
,,92.23168674698795
,,94.13000000000001
,,63.39448979591837
,,11.3252
,,153.40596774193548
,,142.86293333333333
,,145.39625
,,233.07112903225806
,,75.67541666666666
,,47.50588235294118
,,20.608214285714286
,,93.6791304347826
,,135.55703703703705
,,50.1958064516129
,,203.69630952380953
,,92.57714285714285
,,124.83363636363637
,,122.97258064516129
,,212.4489583333333
,,113.964375
,,67.72428571428571
,,120.59705882352941
,,265.47818181818184
,,206.7069230769231
,,18.131999999999998
,,254.9555172413793
,,50.41588235294118
,,163.8725925925926
,,50.7851282051282
,,87.2096875
,,69.37906976744186
,,113.67155555555556
,,238.1
,,95.50687500000001
,,234.25058823529412
,,52.600208333333335
,,172.26999999999998
,,43.0436
,,53.05181818181818
,,86.69090909090909
,,115.25272727272727
,,146.62666666666667
,,46.66277777777778
,,185.0
,,79.63576923076924
,,52.974999999999994
,,35.9390625
,,181.2488888888889
,,91.92750000000001
,,353.225
,,15.38
,,311.30954545454546
,,63.47
,,110.64
,,140.537
,,285.40000000000003
,,33.3565
,,306.11
,,128.67714285714285
,,187.27666666666664
,,240.25666666666666
,,63.26
,,59.52
,,326.70666666666665
,,216.81
,,288.11
,,257.14
,,149.67
,,305.56
